"1";"Gretchen";"Barrows-Kassulke";"Gretchen.Barrows-Kassulke@yahoo.com";"Jamaica";"3954"
"2";"Leo";"Towne";"Leo37@hotmail.com";"Burkina Faso";"4862"
"3";"Tricia";"Reichert";"Tricia.Reichert63@hotmail.com";"Mauritania";"1320"
"4";"Jeanette";"Parisian";"Jeanette.Parisian@yahoo.com";"Virgin Islands, British";"8586"
"5";"Debra";"Lakin";"Debra_Lakin@yahoo.com";"Egypt";"6853"
"6";"Vickie";"Bergnaum";"Vickie_Bergnaum@hotmail.com";"Maldives";"8095"
"7";"Terrence";"Ratke";"Terrence_Ratke91@gmail.com";"Fiji";"0889"
"8";"Gloria";"Lueilwitz-Schmidt";"Gloria.Lueilwitz-Schmidt@hotmail.com";"Cocos (Keeling) Islands";"2158"
"9";"Marshall";"Flatley";"Marshall79@hotmail.com";"Madagascar";"7925"
"10";"Nadine";"Connelly";"Nadine_Connelly44@yahoo.com";"Australia";"8487"
"11";"Derek";"Stroman";"Derek_Stroman23@yahoo.com";"Myanmar";"0296"
"12";"Jerome";"Murazik";"Jerome93@yahoo.com";"Zambia";"7139"
"13";"Aubrey";"Crist";"Aubrey.Crist@gmail.com";"Spain";"4186"
"14";"Gina";"Lakin";"Gina.Lakin@gmail.com";"Malta";"1305"
"15";"Rene";"Koss";"Rene20@hotmail.com";"Mayotte";"5388"
"16";"Darin";"Schinner";"Darin29@hotmail.com";"Luxembourg";"0933"
"17";"Harold";"Hackett";"Harold.Hackett95@yahoo.com";"Tuvalu";"4717"
"18";"Marta";"Flatley";"Marta.Flatley18@yahoo.com";"Honduras";"3620"
"19";"Cecilia";"Jenkins";"Cecilia.Jenkins@hotmail.com";"Malawi";"2563"
"20";"Clinton";"Krajcik";"Clinton15@hotmail.com";"Greece";"4854"
"21";"Wilbur";"Torphy";"Wilbur_Torphy@hotmail.com";"Mongolia";"7298"
"22";"Madeline";"Purdy";"Madeline.Purdy@hotmail.com";"Brazil";"9696"
"23";"Matt";"Collins";"Matt.Collins52@yahoo.com";"United Arab Emirates";"3641"
"24";"Joey";"Fahey";"Joey_Fahey3@yahoo.com";"Bulgaria";"5541"
"25";"Kelley";"Lind";"Kelley.Lind@gmail.com";"Brunei Darussalam";"8594"
"26";"Randy";"Schneider";"Randy40@hotmail.com";"Barbados";"0351"
"27";"Norma";"Reynolds";"Norma_Reynolds34@gmail.com";"Guinea-Bissau";"9731"
"28";"Sophia";"Johnson";"Sophia24@hotmail.com";"Niue";"0936"
"29";"Samuel";"Boyer";"Samuel.Boyer8@hotmail.com";"Fiji";"0098"
"30";"Megan";"Klein";"Megan61@hotmail.com";"Ecuador";"5092"